Date,MMM,MSFT,JPM,PLD,AMZN,XOM,JNJ,ATT
2019-07-15,0.007937117996186117,0.034548436671056684,0.02360401183605533,0.016967823644312506,-0.010928898884794275,-0.002400468843525346,0.0032229585604493845,0.041475804761200594
2019-07-22,-0.0197149440339551,-0.03141370605602711,-0.028308455484381566,-0.019486020620728604,-0.06166072151146792,-0.04090367389167624,0.0026010158462454105,0.0005860589244932488
2019-07-29,-0.04151257267860681,0.005916946980908515,-0.02824753438050969,0.01639567088532773,-0.008589159674343738,-0.012682761553248677,0.007400493817978093,0.010828075672480418
2019-08-05,-0.012051285746501899,-0.011473247463602867,-0.01840721548719876,0.0068435470149796505,-0.008303876084131828,-0.035855377474093626,-0.005149820960312611,0.01244950674477937
2019-08-12,-0.026154187358650435,-0.01686502430079558,-0.015781599380596638,-0.0060687822987034665,-0.023960001027351727,0.0004269280814494899,-0.02763411286955438,-0.004289616692239657
2019-08-19,0.03766428846588763,0.03351068382672632,0.03621962329332819,0.02112587974111333,0.015243263728926345,0.014668727171990657,0.004932451877530069,0.012636368125060556
2019-08-26,0.013727560346041312,0.008994772219182913,0.02503188059459417,0.013991853817990837,0.03221320879150604,0.035776992415703764,0.00631590060155177,0.028077312613646793
2019-09-02,0.0457485085049452,-0.012796554311494632,0.06766718615987115,-0.007076330703246753,0.00317973726000666,0.02410831651644806,0.020045155589063272,0.04579292989488564
2019-09-09,-0.027298266239400418,0.015438372016511404,-0.011062106456232621,0.001900638939775335,-0.024563190343388778,-0.007709273940829395,0.006652425727797448,0.0
2019-09-16,-0.013372423846411397,-0.012263539347976355,-0.00992416645598926,0.023290466976506444,-0.038296484148570946,-0.008324032487550629,-0.023167301133978507,-0.01266164103036087
2019-09-23,-0.052938681465038884,0.0028315450549825844,-0.026333840628058,0.0047795807095697826,0.008229725674226853,-0.035114786482337235,0.03934670710533861,0.0021374570596893344
2019-09-30,0.014632161147195365,0.011294896293067557,0.021378153979829412,-0.004061099476941518,-0.004443388139991169,0.00014509057295120328,-0.01743233267173499,0.0018661430745334322
2019-10-07,0.031625648583789794,-0.01625181717671955,0.03805738381256876,0.04391907003272675,0.014775543734404149,-0.019860873450269653,-0.027640479213439453,0.04246379389392756
2019-10-14,0.018332297530861134,0.024161547418894935,0.04537160702215834,0.013949493972817723,0.0021734612184982657,0.024256826242329527,0.005090297474110885,-0.04055117180792343
2019-10-21,0.024083289806705124,0.021246308550623365,0.014044431217161452,-0.03764044137112481,0.017095047880750402,0.005053989849136462,0.022204877750981723,0.05526965501668816
2019-10-28,0.017990233078396027,0.015586043267789838,0.02018766248487982,-0.004231519536877921,-0.0031036484962226395,0.016810141845520876,0.013719492266762752,0.0110397628995713
2019-11-04,-0.007334611178512501,0.027473143625168596,-0.006519387061274103,0.023314607710105666,-0.025975944923241717,-0.010534941099287662,0.014586438128562232,0.0030472878007305154
2019-11-11,-0.024900924290157687,-0.0025339853418363555,0.009727512387962715,0.01638604572279846,0.0035815093993695514,0.002601465613664386,0.02319563542175446,-0.04430389090798719
2019-11-18,0.021717147337712468,0.015409591537788914,0.007416609603609152,0.010932023096764252,0.03155142755247952,-0.01787517310275332,-0.004200999081096148,-0.009801136881634826
2019-11-25,0.010013272874141287,0.0024442342979128827,0.02489335684453021,-0.0013105656595823886,-0.027321179172354857,0.02025549220669918,0.028093967909291088,0.021936776482431024
2019-12-02,-0.015629171268127427,0.018319526922225344,0.013107579343393218,-0.03160917138789525,0.0053322104285863274,-0.004028150618549341,0.007123268532789354,0.0015707843225483036
2019-12-09,0.0389829659572704,0.018637165558691136,0.0031428623186441165,-0.005760087316679724,0.014514975451121763,0.010255667704744975,0.03310245587191108,0.023261751511975643
2019-12-16,0.010777538049909866,0.009846946595322089,0.013844450332470977,0.013422044285542152,0.04662749666814994,-0.0007152039174743207,-0.002122646400449936,0.002298880326312857
2019-12-23,0.0067132550272221295,-0.0021390252118344507,-0.005749612946027875,0.008120181720682787,0.0027649909672690385,0.006295769186624378,-0.010085891593175394,-0.004587166468345637
2019-12-30,0.011319528137158762,0.01714797088907367,-0.010094493744659105,0.0005594205859447032,0.004368070028898641,-0.016920136512053145,0.005406293285178388,-0.012544872520336757
2020-01-06,0.004876152067838544,0.03570090902053266,0.015653704926951395,0.05400275562965176,-0.00979202010849902,-0.008388805980259857,0.028333223769828414,0.012784800055322273
2020-01-13,-0.01764522355716595,-0.01232792721835828,-0.0365413417006964,0.0199427104510945,-0.001651711785147356,-0.03267209955480505,-0.005698338198388318,0.0031268279863806594
2020-01-20,-0.10940244689415135,0.03144712540016257,-0.005932939315256505,-0.0340097984439341,0.07900556413693766,-0.06332927799551569,0.003708065921873576,-0.022857214514026555
2020-01-27,0.008949933331399955,0.08024437094867092,0.03634031625656995,0.0027995657385551887,0.03512684799654058,-0.010463547603797306,0.020286257293286692,0.022062668889438777
2020-02-03,0.0058099380722511414,0.007939488568522614,0.0021140312376150506,0.04734816324186201,0.02673524566393875,-0.01334005170357087,-0.01158732565156027,-0.005201370948510354
2020-02-10,-0.01651418053143451,-0.03647154797050161,-0.012003364090862011,0.017221983990605455,-0.018221250005855096,-0.011064986325695818,-0.0013323578876515442,0.007843021888658765
2020-02-17,-0.04900262584869227,-0.09036055707789613,-0.1450555847588013,-0.15066019546921444,-0.10125144920967384,-0.13005262516378066,-0.10304778532001707,-0.08638135359851688
2020-02-24,0.02954969933441753,-0.0027156191257254377,-0.06915864386513462,0.01898423874274104,0.00920501128069009,-0.07290038711164658,0.06287675108789896,0.05139113781362154
2020-03-02,-0.0779042960994871,-0.016959008777180668,-0.03858248857413974,-0.09385165009960877,-0.06106493835846607,-0.2006708847959125,-0.05449534595462447,-0.06913306639909308
2020-03-09,-0.11850637673936906,-0.13523867447608168,-0.19641995266000467,-0.18602533527917006,0.03422405602240894,-0.1411333916188293,-0.10723083216807547,-0.17464462525986119
2020-03-16,0.06685857329016627,0.08991596916365924,0.09137706109001528,0.26026718964746237,0.029256429402350844,0.12858917753161156,0.027275095239413877,0.04885751905840678
2020-03-23,0.004128036758563251,0.02758867972542629,-0.07769118212717471,-0.07048104865728291,0.00341562033837018,0.06116345748695326,0.08939577272953246,-0.07975865617412833
2020-03-30,0.1045667860582096,0.07352272122566969,0.23531034259539052,0.24650060834862758,0.0714207264576176,0.09997468887462527,0.052619725562376755,0.11908246119565084
2020-04-06,-0.008932238545025803,0.08150634141677836,-0.07376410253163834,-0.016461316406121626,0.1626426990933834,0.00208655057412971,0.0764002320968295,0.04007621804915297
2020-04-13,0.0036870889372074213,-0.0226760384173509,-0.04696377903693228,-0.013079056859649668,0.01482949052631583,0.011800120471385754,0.01868177190056086,-0.04867105797550345
2020-04-20,0.010884247199411704,0.00011459224639822663,0.0280014832534925,-0.024595892643958308,-0.05152226682174631,-0.013492032731920537,-0.04242531002185577,0.006395225451899949
2020-04-27,-0.0006055331595786524,0.05791361192764262,-0.005898514849536459,0.035924352247833205,0.040931015364017796,0.07046848142733375,0.0027648812253161644,-0.0036790324860981353
2020-05-04,-0.06612356568570867,-0.008230531923956445,-0.0733547228636559,-0.07435834236505522,0.01267853986727691,-0.09051552695101141,0.011701515314576028,-0.04968098651534302
2020-05-11,0.05588011191531681,0.0019108836694274737,0.041559945891531655,0.051272936585470476,0.011245873253921559,0.08249444746618825,-0.040348625101984587,0.05545727954437217
2020-05-18,0.07888289917029762,0.001364420871239034,0.08762728542894137,0.04511694147614002,0.002252864281329122,0.01950694141301986,0.037481051759679695,0.03279804654488064
2020-05-25,0.07012280101246213,0.021555039990524834,0.1430477772746168,0.04601086130044693,0.016635497488095605,0.16736320534192364,-0.009747682138664861,0.061892276744343756
2020-06-01,-0.07490599178472904,0.0028849485603832576,-0.10213051243472275,-0.013060198233356324,0.024977824809056325,-0.11134163259412513,-0.03496285737953294,-0.06927073000041334
2020-06-08,0.021179041535434415,0.0394694365175826,-0.020626946131146497,-0.027419063572459434,0.0510762591341229,-0.025228038825989597,0.01181892377871096,-0.0062293383250851524
2020-06-15,-0.03559891588726287,0.006046529889018152,-0.05336880518302955,-0.016164420152471912,0.006676535588979893,-0.05132626790141605,-0.04185524709132817,-0.040580697175986176
2020-06-22,0.029635301183357974,0.05057802124087634,0.000756025808435845,0.06367586609606427,0.07331587072450738,0.010545441766673009,0.02293044126502978,0.03438752437572458
2020-06-29,-0.02668108642467101,0.0359255002051752,0.04908397907129385,-0.0076398325288148375,0.10715151442515675,-0.03244105002467527,0.009930993813160677,0.0016625584275328114
2020-07-06,0.04566571394008616,-0.05049823719449333,0.019632153464037787,0.0054838692562396325,-0.07438440624999991,0.020398390007249016,0.049027216549562484,0.027200293591592272
2020-07-13,6.254740517994264e-05,-0.007787974632586149,0.0012225408864449333,0.04793369534961321,0.015847568201148684,-0.0020679512778185396,-0.008235977382243208,-0.02247940558166898
2020-07-20,-0.058621160848491664,0.01843015784153226,-0.01668704288510966,0.055149623983307486,0.051769565770184336,-0.03108424652039411,-0.015932773014005197,0.0003381245125769986
2020-07-27,0.05223654854562154,0.03643727701245516,0.02835270838909955,-0.003319922616108579,0.0008784901176165238,0.03231903336483187,0.019483749550524183,0.014875057823523502
2020-08-03,0.04907431958678933,-0.01684861634928531,0.030489155091617304,-0.026173031054946987,-0.006137409747005931,-0.0055246646075347025,-0.002422187565283517,-0.0003332352831141988
2020-08-10,-0.02642959755964769,0.019722242305056974,-0.0497022764393669,0.007036731777918062,0.04342406310363936,-0.0319664500790361,0.030490699559601594,-0.01066307829108093
2020-08-17,0.03375100462287793,0.07719158673514567,0.056000728647901385,-0.005337686531288874,0.03564385570246991,-0.007803145478359631,0.005760905261146859,0.01178858081956825
2020-08-24,0.0006639503774736196,-0.06404238553141621,0.0072979994966430135,-0.016879836043677397,-0.031506808901330244,-0.039567550404028,-0.026432156635002195,-0.02063912776284388
2020-08-31,0.002412951514962556,-0.04770145186333604,-0.0236669985533153,-0.005458380584629142,-0.054148872025018835,-0.05578286462376594,-0.005451205550453084,-0.014276195114829747
2020-09-07,0.020340810908165016,-0.017840485193916508,-0.02691198919206289,-0.006885642550058521,-0.051764674773774805,0.007858875616420614,0.009473632859187875,-0.0024139498337672435
2020-09-14,-0.054733344028023476,0.037077682004890096,-0.04961883567235833,-0.013016922785103711,0.04745322901511872,-0.06856679761843708,-0.023595631527436014,-0.03076378020483139
2020-09-21,0.0005615638208322933,-0.00784331114306817,0.04728786319656998,0.06706252650510439,0.00965064472251577,-0.047921486088017516,0.003981890054585184,0.022824592965946928
2020-09-28,0.05574966225440263,0.046655953746259325,0.033813382782403964,0.025811052952534285,0.0517280256,0.05336608352091141,0.03234384608987241,-0.012552284765921023
2020-10-05,0.00986419944188074,0.017839746252972667,0.012371286906081344,-0.024787195501552384,-0.004241437226563454,-0.01842286608650632,-0.01901030337621755,-0.011322711630205618
2020-10-12,-0.006843279428466213,-0.015615154995322345,0.022657518422352748,-0.00978338434583206,-0.02087259208267888,0.0017595456625152197,-0.019311183469497933,0.017928930159124862
2020-10-19,-0.057950596819577864,-0.06363590739618234,-0.05558222186286778,-0.03913213941087835,-0.05250596646794434,-0.04508204583083352,-0.05597624530974322,-0.02875611449520127
2020-10-26,0.019129941086931727,0.10495396784537107,0.05018368314894181,0.057358870156627356,0.09064771143216624,0.004904983758516598,0.037487909577406844,0.015544150923439429
2020-11-02,0.04152853422326273,-0.03222785008721508,0.10800318270315103,-0.012965955917406095,-0.05513120651206979,0.1006712712068098,0.05377864093047119,0.05357109808277739
2020-11-09,0.01825777455989618,-0.028266556640515087,0.004295344169394845,-0.0314886197493599,-0.009399771437711937,0.048537463393940564,-0.023615596207542867,-0.020408184280605004
2020-11-16,0.03198710004669209,0.025683283548307897,0.05804312595759238,0.0032914587333358184,0.030954358708431606,0.08798040159688139,-0.016124561385194296,0.025070753677153845
2020-11-23,-0.025044040477652064,-0.0040422692099952575,0.009239165482722059,-0.019284254999694387,-0.010252430229677378,0.03707389056835814,0.05079288523438928,0.017568141289276185
2020-11-30,0.009045630731175475,-0.005131595031520902,-0.022723637432789344,-0.013075375960226515,-0.014595672072746552,0.050863819062800346,0.017834298272904222,0.049762731148022175
2020-12-07,0.013791409280621624,0.024993040020202917,-0.004014667912260961,0.007189110720796189,0.02734872082292323,-0.0244293871768074,0.010199631540926636,-0.0519184007596091
2020-12-14,-0.010769723181163102,0.01903104087531014,0.045683530014981884,-0.002670097140711103,-0.009045323279051236,-0.02644499912451605,-0.013203103583567383,-0.024149899071892675
2020-12-21,0.0015472488367170155,-0.001481585271672487,0.020478791518481695,0.024886815571796065,0.02655154358409268,-0.009134735846351426,0.032202953859489215,0.0024398107382681217
2020-12-28,-0.04674210490816808,-0.012588754050644467,0.07043376860631728,-0.030704158201611906,-0.022791414420170155,0.10286288862189494,0.016901867486952136,0.00904061995188509
2021-01-04,-0.006421511814004333,-0.031736727762713315,0.026602026461028397,0.011179831617165091,-0.024648890082285237,0.053453605629793496,0.0016244417426374814,0.028851077675500367
2021-01-11,0.021081005995666032,0.06254437465812715,-0.034982640686941034,0.03624072105925393,0.060555705006582757,-0.009605310687399893,0.02027467149491237,-0.00822766394227454
2021-01-18,0.03916242417128493,0.026598810556591964,-0.03826880857032965,0.019561483567123523,-0.02613121260984094,-0.054606794088313926,-0.002567994865302813,-0.01036966342681468
2021-01-25,0.019071056774007864,0.04414537007027089,0.0723555351178846,0.033914717125896415,0.045521178286085345,0.11396066407838744,0.00809161928019391,0.010478320079315618
2021-02-01,-0.0017320281216542598,0.01151942578296152,0.023699167842142085,0.009090842317908365,-0.02220664376244063,0.011411375540922145,0.012952379585161274,-0.004493386771485093
2021-02-08,-0.0039460859941413485,-0.016408847172185857,0.0479289536323127,-0.022011554239662286,-0.008484600632571063,0.054223430192347745,-0.021611301903533865,0.006944352036316233
2021-02-15,-0.008383528365969423,-0.0334264582343386,-0.005742279147526761,-0.05916450192166581,-0.04829991840671761,0.038189634947754354,-0.027733443230552234,-0.038275893112825386
2021-02-22,0.032788750974591205,-0.0033567033734425737,0.02541302435272846,-0.017159472392852412,-0.02989724953361372,0.12065477458316541,-0.00875040092636281,0.06202939937151116
2021-03-01,0.022787629071171822,0.01791894807573147,0.03472249816475634,0.040258874670296735,0.02967217125614636,0.017068832105120106,0.022421251703720585,0.006414667695422377
2021-03-08,0.020495236939175102,-0.02290567825900951,-0.006468166511165412,-0.008984265519270559,-0.004703054458119931,-0.0884299802575993,0.002757111998563538,-0.001677295949845191
2021-03-15,0.032695778111801604,0.02661165197579137,-0.0003224950221144262,0.07036238922988568,-0.007457007522328534,0.021596818873500342,0.030554808995528804,0.01848108151395719
2021-03-22,-0.011186162757027466,0.02482246046851076,-0.008897837109240993,0.016107796855328187,0.03570411800864259,-0.005545052475498611,-0.012732604315276373,0.005279088965561014
2021-03-29,0.027503804239424542,0.05570447236934829,0.016719892500665506,0.009308872361937948,0.06681428534993453,-0.026485402178518747,-0.009703602412613367,-0.014112573801282032
2021-04-05,0.002929164786968085,0.01911277679361851,-0.013291152416808115,0.02785130343400937,0.008077806725118264,0.014139909187356236,0.006139788436253028,0.01970189613920709
2021-04-12,0.018229175402483713,0.0015724646591877322,-0.02028700030355565,0.020522470200172418,-0.017226331395759374,-0.019237476201183965,0.020216852014508943,0.04841416911143178
2021-04-19,-0.025024553426538945,-0.03434817195347341,0.02410277038005195,0.014450999665853543,0.03787622286788314,0.030052163106591832,-0.01685589105015684,0.00031852221885592704
2021-04-26,0.030080030195423924,0.001110504264959425,0.04830654885727181,-0.004376560359693119,-0.05070338694818189,0.09067085882783163,0.03545736660775947,0.023877458854004642
2021-05-03,0.006451231603503683,-0.017072079385481078,0.017179207305263875,-0.011808339077104232,-0.020874288847272573,-0.026589736769878636,0.010207709003770188,0.0024877521327529334
2021-05-10,-0.01232986041349102,-0.012008983377807425,-0.008231131436852177,0.025120043778799568,-0.006149722147141422,-0.016318083213998195,0.004347370065120202,-0.06916889220771467
2021-05-17,0.013247267416588302,0.020747031606877027,0.009713517675145262,0.002637534621905198,0.006240842915656762,-0.009334806256501802,-0.010002321998011009,-0.01932658268687212
2021-05-24,0.014824699671802059,0.004445798452140595,0.01339487419752223,0.03861163083983841,-0.005227922349289585,0.05276694559022076,-0.013261484575109039,-0.0054367015608365295
2021-05-31,-0.0157244824497698,0.028310527035707824,-0.036950015801285895,0.018955834108038066,0.04385539221090912,0.011716753166188719,-0.006085563690832692,0.0017079921987631311
2021-06-07,-0.055273303252305804,0.005971475205272984,-0.07717273587736945,-0.04121552684642492,0.04185150549648145,-0.028470391254718484,-0.018064989512249763,-0.022851243271763348
2021-06-14,0.016440568936661085,0.021547202763328225,0.04144142000322956,0.025443507715632044,-0.024503157391934535,0.07052994900324963,0.013767187819224534,0.008376960110458692
2021-06-21,0.026392782246890848,0.047656791754618386,0.012852914441938094,-0.00795085790517224,0.03219792715125758,-0.02304364355493179,0.02904805948355173,0.011768749483586798
2021-06-28,0.005552954866055547,0.0010446987482605676,0.004086698471089626,0.03602421505896469,0.05934524968744344,-0.030710794126664255,0.004556873182353355,-0.026684946201237413
2021-07-05,-0.00810924836235432,0.010110118975502083,-0.024780189828675223,0.015072922703719351,-0.039176263508479046,-0.06385765446539478,-0.009720333705768861,0.020417774852015676
2021-07-12,0.005617521362997731,0.03177184142929068,-0.008360422512369183,0.004792438243599301,0.02322847038061908,-0.004884835459129905,0.021951318242497925,-0.006704316214716667
2021-07-19,-0.01271865465609348,-0.016432618040488775,0.007568108675159769,0.0011730936876831672,-0.0899869820929214,0.009291817222353754,0.002386781806124821,-0.0035525260467333506
2021-07-26,0.0009597654933899114,0.015970055249833862,0.03768585693100589,0.013042828542069273,0.005213941590076028,0.005037220482276517,0.005284501939602992,-0.003208788767527755
2021-08-02,0.012365525728230494,0.01171147333785407,0.015746069875021976,0.017500436942610664,-0.015237894200956522,-0.01883852728137145,0.018138480065619644,0.00822645379533333
2021-08-09,-0.032007069860528155,0.03930346745938774,-0.03287909879870515,0.017199570276089704,-0.028543088995429865,-0.05692704628154734,0.018099380857175724,-0.02199353829424363
2021-08-16,0.012252422142536865,-0.013359860926942491,0.05383911273076214,-0.021899303399334918,0.04677578145628245,0.05745187237259828,-0.036279525841324343,-0.015959653765940128
2021-08-23,-0.003383860674104975,0.004737668820944103,-0.021833736190887895,0.05848720112630577,0.03833850168507571,-0.016137772147220387,0.018216370728172282,0.01584970575683728
2021-08-30,-0.050619815329212885,-0.01803151298704172,-0.013355069534741817,-0.0385638715454224,-0.002558859189692213,-0.016220177584011574,-0.04610367526656303,-0.013788123030841716
2021-09-06,-0.01658069238578184,0.014067809460958485,0.0020336701932127514,-0.026341102924003646,-0.0019111136293072282,0.021859960076193428,-0.01329582171562825,0.012876920387180536
2021-09-13,-0.0024798219770126675,-0.0017339363378430215,0.033992673958313575,-0.012317445596193757,-0.010685893079021798,0.04405369653712675,-0.0023671358834347414,-0.014529479898253385
2021-09-20,-0.02408322680758678,-0.0342407726342666,0.0250859841185657,-0.011493335299268393,-0.04152950184772244,0.05799616266356164,-0.023667807202625634,0.0011060075924787221
2021-09-27,0.0015285445306428094,0.01988913864947059,0.018488618564771082,0.01661000889996184,0.0016325603808128278,0.020515274997371154,0.0028667576296965485,-0.014359568511293082
2021-10-04,0.028199974939030707,0.03174502081662423,-0.015309852925461857,0.06574338235479979,0.03661112563932591,0.006593782357718417,0.0022992942724435576,-0.015142111858256677
2021-10-11,-0.006265933094938346,0.01627161054421608,0.031030639218272527,0.051248372357396904,-0.021551694702836705,0.008467716872599364,0.01500290993379409,-0.00817107381770499
2021-10-18,-0.011725390186406644,0.07264848130107697,-0.01100243677885026,0.006666630459069447,0.011056707554836998,0.02138805299130497,-0.005130717666820743,-0.009023180312293547
2021-10-25,0.0174611979445338,0.013388812869870174,-0.010830542501213543,0.011934343028016924,0.0434581992168898,0.008530864759291643,0.003376607886590578,-0.006333973818037278
2021-11-01,0.010231053223434513,0.0019638623454862306,-0.007081080186729063,0.014452171694973471,0.0017505819127311396,-0.018455760275690895,0.009667861742397116,-0.006374539032644102
2021-11-08,-0.024120648111038076,0.01897716269740549,-0.03559886889770461,0.009475233865389288,0.0429541931510469,-0.036581642121637344,-0.012847727395198955,-0.0324779973862122
2021-11-15,-0.01272983127686288,-0.03738398983386013,0.006276359657520438,-0.002263361720522466,-0.04678550235293767,0.009559921013239317,-0.022653379375337578,0.0037297735860731067
2021-11-22,-0.016693536781306882,-0.020231682938810606,-0.02247894743363568,0.03189203912061452,-0.03274873363986464,-0.00587759083610355,0.007688325212725115,-0.031378997865841904
2021-11-29,0.02613145201842604,0.060462385640880446,0.009666008130703787,0.028579034932319766,0.016062965362893183,0.03481692651684947,0.03833611742627443,-0.026428075865496677
2021-12-06,-0.013269262756344137,-0.05470894168939166,-0.01914673207632718,0.013200669129953185,-0.012743037207289688,-0.047294061063623244,0.016556766483474632,0.041156070733871196
2021-12-13,0.0012589063625042148,0.03363205601187358,0.003189678034054835,0.007526860843398229,0.006181687106542716,0.016491728795449145,0.0001190445659096863,0.04583667331483357
2021-12-20,0.015202358643363034,0.004870189655259011,0.006931277025472815,0.040865401574673145,-0.02543719081135091,0.002785955832355995,0.016760419435129195,-0.010856450392982908
2021-12-27,0.013060865348491513,-0.0662465286173164,0.055636438398183115,-0.08689728559535165,-0.024970423681160987,0.1256741659984503,0.016835343209565933,0.0686991643441421
2022-01-03,-0.0067238448333826395,-0.012227816944158173,-0.04979434673569129,-0.006439787122629758,-0.0025591557109689,0.04340890423789846,-0.035125007309855336,0.06185269450316966
2022-01-10,-0.03407202668274357,-0.04568020509586361,-0.08113242806570019,0.01761144724393097,-0.12023705115395537,0.004173992862645271,-0.017695499614529136,-0.02097150892579522
2022-01-17,-0.055313968163318836,0.04131336157498879,0.010546012438437611,-0.0023160049909721606,0.009358972772622112,0.04309271791199291,0.041972533596044206,-0.0526116231583003
2022-01-24,-0.01453100323303209,-0.007526001502197738,0.04058390923727066,-0.010188786420805512,0.09488601928529414,0.08142948277524978,-0.0009313892293913987,-0.04482351642201231
2022-01-31,-0.0074037627794958805,-0.0356279275844593,0.008914473429101882,-0.04677842748242561,-0.027569188625165494,-0.01474026736316861,-0.022839680411224344,0.0020763839754724027
2022-02-07,-0.07471488728156679,-0.02409837029554617,-0.01156461300317934,-0.025698920192155823,-0.004514229151642349,-0.024839679286013227,-0.025937824739552234,-0.010774811154826576
2022-02-14,0.029433233663144005,0.03471250916779262,-0.027408849925914955,0.04138900111147534,0.007778409728748283,0.006204675290091007,0.022683500338282637,0.0016756688634714646
2022-02-21,-0.025114678072841005,-0.025058200342034584,-0.09170786163788293,0.016099916680713363,-0.05297855240123354,0.08029306433958291,0.02096385278039307,-0.0016728656945143973
2022-02-28,-0.03932393404085882,-0.03377495404541351,-0.04099691778582862,-0.019955057871232796,-0.0007999120797064671,0.009870268384885935,-0.0007669429720888797,-0.028487864029288948
2022-03-07,0.052213315821678354,0.07269600855385956,0.08697350149318664,0.08340652374374422,0.10806425963747991,-0.07359871930056995,0.032418166121707566,0.001293670484744446
2022-03-14,0.01442822334118151,0.010817978763610615,0.012990618640360716,-0.012623211978130978,0.021847962720166012,0.08300494389969125,0.01189653725894047,0.026701469723189732
2022-03-21,-0.005117510316037277,0.01890166618572867,-0.04657563638253056,0.053835732083151094,-0.007364661231112047,-0.02441310167076244,0.0071784472073930395,0.005872480603625377
2022-03-28,0.0008015824977135769,-0.040236762817371784,-0.013450491817402172,0.017189264290029014,-0.055634037119516214,0.04475449903226598,0.02205500945467957,0.006671734554038451
2022-04-04,-0.01622053890152135,-0.0577163471989653,-0.048206885117746,-0.03528012003279573,-0.01782978877544058,0.011400406457063595,-0.012189868900845008,0.07170532370789909
2022-04-11,0.012145465681019256,-0.020726673415397738,0.005470846322718553,0.03706221398208177,-0.048491601516578456,-0.03074112922285496,0.009116115476214093,0.013379093095023787
2022-04-18,-0.03318363575671602,0.012735699420680828,-0.05874932798781576,-0.05002082310571267,-0.13902669321676372,0.0014096219314390667,-0.005948862906711931,-0.03381114670065088
2022-04-25,0.036818818099113575,-0.010053231749340127,0.03652810090330644,-0.12109292204624854,-0.07651181267506733,0.0755424698884216,-0.022664528264020493,0.06203589815975433
2022-05-02,-0.0015381957013636646,-0.04953977225230495,-0.037423077504394844,-0.0889409100070263,-0.014964377485585545,-0.030864947220138623,0.0027217127702719402,-0.009485834418136467
2022-05-09,-0.03663760293041853,-0.032781768642091806,-0.01469484438179928,-0.06723798908060705,-0.048330432090575436,0.04435011424088221,0.0007351625427267964,0.028225708185841553
2022-05-16,0.049995982379579765,0.08440149097510925,0.1187149018699376,0.06298010963035446,0.07022424542319772,0.06237739041150179,0.023222900707854318,0.043627539627370544
2022-05-23,-0.023677410725927998,-0.011784661894563519,-0.00845580564541437,0.002514734069690915,0.0625594177851693,0.01537043726034097,-0.019528098383835533,-0.018318308682615393
2022-05-30,-0.05699788536920725,-0.06306923294538219,-0.08151518427667916,-0.08104734896687336,-0.10380054113282453,0.013825878720289992,-0.02193631802782626,-0.01004807273172579
2022-06-06,-0.056738097955324446,-0.021107586083008643,-0.05453782046016527,-0.05868294554965935,-0.03128135829856168,-0.1427432967004147,-0.01790786332702557,-0.06331554576783048
2022-06-13,0.03458102005092928,0.08096106521006707,0.03795463843630143,0.11880627260108417,0.09640367071734447,0.009057139882753456,0.07571096265281989,0.08307556843687032
2022-06-20,-0.043475096674335675,-0.03033259612430801,-0.027872510522794245,-0.020882735420085365,-0.059247819502385564,0.007479736820537324,-0.015195323638769189,0.01524514173394666
2022-06-27,0.0017901231310209292,0.03112735841455045,0.0027179366741968193,0.012913524523165396,0.054581992599160245,-0.01679035449620464,-0.006907453392441005,-0.023932495792277377
2022-07-04,0.01095389595676152,-0.040872798379269146,-0.00359279462127549,-0.004688257179638075,-0.017223454931422407,-0.01789031901420524,-0.0002803485631844677,0.0021143653517033453
2022-07-11,0.030661519172000194,0.014178852518555957,0.016024801633141995,0.048673728078143554,0.07811532158215798,0.030044930758420327,-0.03428149399850199,-0.10549338526307847
2022-07-18,0.0679989693821793,0.07827616851323006,0.005228280507570343,0.04460201316171337,0.10235255027532339,0.11311435810692388,0.013943617437246866,0.020652239300717124
2022-07-25,0.02911199804139427,0.007729663086636459,0.00346748044285153,-0.008826285112073836,0.043349434087056764,-0.08748590041573515,-0.019539396893312525,-0.022896755281369956
2022-08-01,0.032765713503709895,0.03181230015424681,0.0550275845900498,0.044523967647071505,0.019531249583851214,0.06274733528548572,-0.03395453236534086,-0.004359712931161006
2022-08-08,-0.04624284107426761,-0.019732351942645148,-0.02865799080234744,-0.023025266068104594,-0.03706030573889994,0.010575631677797187,0.024258806914522774,0.008757668842625866
2022-08-15,-0.10147869078421327,-0.06112509288055637,-0.033381181492718105,-0.042735731870801964,-0.05411268332815404,0.04028492511506193,-0.029767805238163348,-0.029300195907627724
2022-08-22,-0.05799908181205904,-0.044872827566998556,-0.00837173029682942,-0.050331231217546665,-0.024780099426386232,-0.023296125760125647,-0.0026575781693874544,-0.039127918793422624
2022-08-29,0.011919523508003555,0.0328046075766432,0.04801680027205726,0.06349988546135313,0.04517294259002521,0.009519770869837112,0.018249887032685676,-0.009307755592963958
2022-09-05,-0.05272147436678229,-0.07456683476479326,-0.017537884930844908,-0.12311955464919937,-0.07308475056397534,-0.0340933767333567,0.011405616842228997,-0.017028761013718877
2022-09-12,-0.03104364116394106,-0.02786644167904531,-0.06781696413408154,-0.03853026307738824,-0.07892819621896055,-0.08003424788439749,-0.005250644104421261,-0.04360821564646819
2022-09-19,-0.022037195242682883,-0.0210994550352435,-0.04251419502749601,-0.06445670117297053,-0.006855326128100982,0.01819243588043548,-0.020153536360514507,-0.04184876761249613
2022-09-26,-0.0269684125582143,0.005753568291316544,0.014162732408504635,-0.012204797169154553,0.013805292035398169,0.15714105809638923,-0.019343744140144347,-0.026075708920205887
2022-10-03,0.05682674342725406,-0.024248598414360507,0.05854710483278769,-0.008270294082287605,-0.06686449139079063,-0.018212352165815782,0.02659165782811212,0.021167595568103475
2022-10-10,0.027985365430743068,0.05932787690725135,0.09928934050723304,0.035667785092386196,0.11618332804147181,0.06724469826428313,0.025842359195619596,0.14076064105290473
2022-10-17,0.0838113843530198,-0.025813570835863952,0.031498005670344754,0.09604193349298015,-0.13333888702648336,0.04572076884535173,0.03651208510291121,0.08070149862546055
2022-10-24,-0.01390199131245502,-0.06138984855366776,0.03648468801580654,-0.04744207894646084,-0.12020114610961628,0.014543857630731908,-0.0193857665193433,-0.008657935006484966
2022-10-31,0.06520346218745962,0.11617511324193408,0.0353536149401897,0.07907453942429746,0.10782587026294127,0.014602406769729667,-0.013004438530940528,0.03984713646860482
2022-11-07,-0.04677383867047432,-0.02383539866302437,-0.010790946527429885,-0.013519326349261064,-0.06597878692351636,-0.016410650192489218,0.04106355629006409,-0.0041994684984357974
2022-11-14,0.029906297582801285,0.028884182426887624,0.021667963875715086,0.015974063812674518,-0.007754355298006774,0.01821349847570532,0.005902331363799207,0.007907290612541647
2022-11-21,-0.015886388618183592,0.03042547755371559,-0.011554958123479496,0.0047255970060725485,0.007707878911984656,-0.029591061705822992,0.015767447479108482,-0.0052302486223166
2022-11-28,-0.009685861476292995,-0.037644150851758734,-0.022195910097824248,-0.0053019273067154826,-0.05354298481492572,-0.05752776741073801,-0.01755375079989023,0.0036805294550304075
2022-12-05,-0.032363282379976134,-0.0029744265830128056,-0.021716107150723574,-0.03507563935342618,-0.01380620782607289,0.011203372537113903,-0.0003984598641907951,-0.0314302195859
2022-12-12,-0.012737225816341487,-0.024357401392142496,0.015391749715111215,0.019083873865804388,-0.029706362056608638,0.03801345400307828,0.010303509920741206,-0.009734991920234385
2022-12-19,-0.0018311857829229445,0.004565797581504987,0.021481033198895872,-0.007833099068877603,-0.01466275659824047,0.014906173891655626,-0.004676593070730342,0.005461442149979621
2022-12-26,0.05670458227481699,-0.062088311751391734,0.028635210388870243,0.03477338861339351,0.02476192857142849,0.002085067316011102,0.02037933750531954,0.060836593181413226
2023-01-02,0.02201683982896605,0.06357541058161242,0.04441308548380374,0.045006334704069596,0.1398698968431716,0.02370401285258259,-0.037836419503116836,0.0010239063689417066
2023-01-09,-0.06841146417806244,0.004138331960219808,-0.055450654116902205,0.007547147075526447,-0.008866724147980275,0.0017676270204041958,-0.02704255896790096,-0.00216447553033479
2023-01-16,-0.0447577111966303,0.03305307056439971,0.038792005347298604,0.05715676914527024,0.051311033419023135,0.019938117315912527,-0.003022458725268932,0.03744166686645895
2023-01-23,0.01943606193696337,0.04106221390285824,0.0054873239627079825,0.013709308230719206,0.011248053819406405,-0.0319176665902287,-0.021518180918001978,-0.006015238870514366
2023-01-30,-0.03072598856059172,0.01838591277628581,-0.0003542851552661091,-0.026819686615871714,-0.05590480758201773,0.06477855262187666,-0.014944397999533388,-0.038325724354738626
2023-02-06,-0.007815364634132417,-0.019156227918297502,0.008508202753083042,-0.021625396674908016,-0.0042004302407496205,-0.06620798573013577,-0.010853962014879617,0.01940234859911763
2023-02-13,-0.03330099833637601,-0.0318367125032297,-0.009209798280681485,-0.031439592692396906,-0.03806581393207241,0.0028955355605630355,-0.02056366760092766,-0.010288240023983744
2023-02-20,0.032096385734643296,0.024355940357655828,0.019371148541884285,0.04588897086585882,0.014973283422459899,0.018600367027068434,-0.012502401934053248,-0.02234932216759614
2023-02-27,-0.06471315298045495,-0.026244625224482922,-0.06967828104833153,-0.07853479645241186,-0.0439409790528772,-0.044588148326882626,-0.01564735970120948,-0.020201792167952346
2023-03-06,-0.009994322293531853,0.124059644285719,-0.05866070054398579,-0.008121115817430472,0.09059840987771156,-0.07366862728694563,0.00507887222791068,-0.0162780235700004
2023-03-13,-0.018248916739772993,0.004079762786950791,-0.0071535976774693534,0.015983850044690873,-0.008287013894502626,0.03695906477029782,0.0017716636255644554,0.026475616919982348
2023-03-20,0.03925257218987996,0.02755101875147166,0.04323104199678997,0.06613681647460147,0.05258335022674056,0.05921003635209951,0.01539476596526654,0.03439013988076323
2023-03-27,-0.03377412507819546,0.011446301278939999,-0.021794092990885947,-0.016189791782465695,-0.011908248505099837,0.04915190464898153,0.06548373063806136,0.020779114816905378
2023-04-03,0.04145327493145555,-0.01872403556061798,0.09687561843154754,-0.024358455818346145,0.004409210354873875,0.008691920667872164,0.00417822998085732,0.02863361336000296
2023-04-10,-0.012196287315349445,-0.0013279964035826143,0.013047092822895432,0.03189724835538811,0.043410368873078316,-0.00034467908822068057,-0.01899421318874925,-0.08580026650021176
2023-04-17,0.016653912753916054,0.07523786677989966,-0.016365488226296,0.013513363013859615,-0.014117445906109256,0.020084355826426207,0.006207981868529887,-0.03018657772121874
2023-04-24,-0.027019381526383748,0.011032916164124558,-0.01085068549675427,0.015968095871111074,0.001991531588189656,-0.08162919939547462,-0.006230800738324171,-0.030560302577350647
2023-05-01,-0.029801527966090136,-0.005408035890112948,-0.01930671881345163,-0.01634573426540596,0.043535849194175684,-0.026683874953754346,-0.011679421697583441,-0.005837757685472013
2023-05-08,-0.012366583873053,0.030326726462213797,0.03788211387927376,-0.01685702106969995,0.0543261190943929,0.004537820099905198,-0.011630661626383397,-0.04227833587955804
2023-05-15,-0.00622502954806477,0.047991731609539116,-0.01609413620546407,0.015358225056087976,0.03320430967741933,-0.003568022883081091,-0.02869551439209706,-0.04966270454219488
2023-05-22,0.057664593037500024,0.007540093368296563,0.02577772998634222,-0.0002400775957883172,0.0344683953503589,0.007525989125638975,0.024647415751017254,-0.01870962097116584
2023-05-29,-0.025651059157535218,-0.025670876547646448,0.00384404439451994,-0.02889842507377623,-0.006599597585513024,0.015412241040161936,0.019366578085785555,0.04865205291313842
2023-06-05,0.04644639604806915,0.04755345431467198,0.015956420724136437,0.01088117172770973,0.016689605444381375,-0.021044811406648642,0.026373566963937056,0.006896599688478191
2023-06-12,-0.036540987428148264,-0.021353681806752095,-0.030783316935045824,-0.039894391140291884,0.030600080175314112,-0.025967922125676106,0.007611251008596633,-0.03798251992555939
2023-06-19,-0.006254853768027694,0.016476685582539632,0.04746135791287592,0.04901624511997667,0.007964114931352151,0.04736337109030185,0.00024173479729598633,0.03236236159151158
2023-06-26,-0.027974873246049498,-0.009749279660891856,-0.007563231149314009,-0.005218929495146333,-0.004449232859395325,-0.038135236452043045,-0.037880572454995536,-0.021316551921073776
2023-07-03,0.051495564442939706,0.02378273559209922,0.04474556394952384,0.04721700601495789,0.037756156863585674,-0.02151995615337223,0.0038930562583380057,-0.054546374185752575
2023-07-10,0.019843519071853336,-0.004257989379457292,0.03458621960695362,-0.01808212284595385,-0.03474898458006302,0.02922536206506346,0.06455261824170962,0.01793108733570065
2023-07-17,0.07236652852719892,-0.015708112045683648,0.01264934094184468,-0.014269794184696179,0.017000053846153773,0.0025989233885776735,0.025207014755108347,-0.021002915625802553
2023-07-24,-0.05693605795178754,-0.03129713353188029,-0.0056718469117862476,-0.011403185668472706,0.05566900847376866,0.03129783579590113,-0.03117838402610418,-0.031141743395471426
2023-07-31,-0.009098538620011625,-0.020654056022538527,-0.01006310040007205,0.010389394291832782,-0.008311262748593382,0.04105389619457834,0.02845486859664462,0.026428573772715153
2023-08-07,-0.04342429652853783,-0.014111721120637149,-0.03548055828660318,-0.016516873305799217,-0.037497311249264836,-0.01600642104173255,-0.0078228893383328,-0.022268532690879052
2023-08-14,0.004197810586952459,0.02269910061730753,-0.012888516450515801,0.009796693810612444,0.00030021017639841625,-0.00820272644826187,-0.03617600767139681,0.004270322875863747
2023-08-21,0.0808487997148234,0.017586270407226875,-0.001564150023072413,0.015734485188301298,0.03647005990057245,0.048683505947433724,-0.027698179775252216,0.038270694450323814
2023-08-28,-0.006638568397544775,0.017069238387359607,-0.020365079308112048,-0.016935567004174236,0.0007964161886916599,0.018410951910910495,0.0004984419804251801,-0.017064825755696577
2023-09-04,-0.04875752077295168,-0.012115854669820214,0.03462423609927501,0.005715263940250635,0.015626152517576496,0.009428181130192892,0.00554318483572082,0.05763891583825649
2023-09-11,-0.039778435264891915,-0.04000365329026699,-0.0206976992446404,-0.06743108942297804,-0.08027640202490494,-0.015081431952828689,-0.005884208045098949,-0.007222678945291021
2023-09-18,-0.03524305479910928,-0.003974742817341713,-0.004871925246393918,-0.01630586612586601,-0.015489405804267511,0.02296857776696684,-0.029595005828572562,-0.006613565175703672
2023-09-25,-0.05575739127364633,0.036453039292152566,0.0005516255067777633,-0.029409065645328525,0.006607897893142744,-0.08853547597104729,0.012134814498755584,-0.03794958262245674
2023-10-02,0.003167433163415562,0.0014361876012823657,0.027512614318609043,0.0067944985644942295,0.014301297392164042,0.025193615259391646,-0.005011385245889195,0.012756629780593476
2023-10-09,-0.024018994796248604,-0.0032344211323312175,-0.0341217335837413,-0.06584579315380754,-0.03559592610502724,0.011013070138399823,-0.024545756285962922,0.07103071429145105
2023-10-16,0.011207472571783639,0.00961214356675863,-0.050786949355228914,-0.04988781365326286,0.020532076704195466,-0.04978402993836319,-0.04836596784641642,-0.03641093311695079
2023-10-23,0.0724406454625406,0.06970674425513251,0.05387275390071449,0.09484179652852558,0.08501650360132311,0.021127441938072384,0.039423063007662844,0.07152488778184708
2023-10-30,-0.011186949750616446,0.04781748935856364,0.023985987493149803,-0.018770408540539123,0.035786376517184276,-0.03739095604890624,-0.027025257059145852,-0.015113261151316226
2023-11-06,0.02726008114584689,0.0004869343923470587,0.04363875251065419,0.052797539772789046,0.011284445685210923,0.011662629420813902,0.017249430497942003,0.016623980655712176
2023-11-13,0.022235160594249195,0.022565945627253628,0.004711337579000279,0.01753428944766865,0.0107453648933569,0.005394640377900808,0.018092125803028325,0.019496808647992196
2023-11-20,0.040646203837763975,-0.007736373812752501,0.021492746117076942,0.055892895577325775,0.0019762436289954277,-0.015109521777385532,0.046874244894697645,0.03392967052754871
2023-11-27,0.03525291038714911,-0.0007476757918665516,0.010711590889442825,0.01344498920480745,0.002652513110606692,-0.03340118092851761,-0.025003194301311312,0.009546525046491072
2023-12-04,0.034923087484241014,-0.009352519303419956,0.04232898992302731,0.12023350359068008,0.01729753788220784,0.01356098991304593,0.00479219985157152,-0.02364056481460995
2023-12-11,-0.006076023108851271,0.010384898070779497,0.013133350916314014,-0.007556853327821928,0.023004580762788662,0.010009918475330157,0.0019335671056927462,0.0018158349489743285
2023-12-18,0.02812009313183248,0.003897614906719437,0.016128896164422882,0.00679772863910973,-0.009646695471864104,-0.018938262205722485,0.008233594711360228,0.013897435153464529
2023-12-25,-0.006677617362441182,-0.022045518372518842,0.012757340135075108,-0.02055522007529339,-0.04409633349879775,0.026505247067814437,0.028008112860568257,0.04112039399239083
2024-01-01,-0.004328276994755065,0.05634266623929138,-0.012640625942392096,0.00758263889879543,0.06458268849550089,-0.026113277357912655,0.007819778864635262,-0.05666864876504562
2024-01-08,-0.003329563247297927,0.02625685235638853,0.007453501187778984,-0.023641106749457363,0.004656584033649883,-0.030014995352928887,-0.004372224568132226,0.028029799272641116
2024-01-15,-0.10922427493933139,0.013193887499224037,0.011567150535788086,-0.012223623586778708,0.024333713771950753,0.06240335403859686,-0.013483336967489042,0.03719276444467001
2024-01-22,-0.011667791065785737,0.0180476448433579,0.01422100468323822,0.01875932415871523,0.07975115258142146,-0.010000055319929962,-0.018119258369316084,0.031231805427819375
2024-01-29,-0.020765257696606726,0.022688534480278428,0.0016023728721239437,0.024990321854659353,0.015365805428855128,-0.001961303167991171,0.000957780621099109,-0.055524411069796345
2024-02-05,-0.017760990867967407,-0.039210497811795295,0.02297015931460371,0.006869101243846206,-0.02831758145573366,0.019259134766243195,-0.0013394957767679694,0.007719741775146174
2024-02-12,0.03142727039233263,0.017420247929736614,0.02770489118439081,-0.0013494506073759708,0.03232853614325216,0.010363876772464971,0.04164027647236656,-0.010017801630274976
2024-02-19,-0.0077770506150768555,0.01257490468851068,0.007065520465280231,0.010434636210294846,0.018458174225436476,0.01926041109514528,0.0017301113606423804,0.010714328699081139
2024-02-26,0.022207638978074935,-0.022334497270961266,0.015813145329858697,0.003491786166670403,-0.016103663920414797,0.023998525001761115,-0.016037480606503854,0.012956497748477788
2024-03-04,0.1182109055214331,0.025109560597110458,0.011050854989682139,-0.044791552722137064,-0.005303723799131293,0.02666542445047399,-0.00840028848424898,-0.00872097417049949
2024-03-11,0.01695235508355308,0.029585446067685747,0.03321069094062293,0.004273267473199375,0.0255131123209851,0.01995143816092014,-0.018649646604216103,-0.004105604815539153
2024-03-18,-0.006649129072657238,-0.018705961899286503,0.018716341068961577,0.012439846284655958,0.008441941310503322,0.024231226219370842,0.0190685718879845,0.03651356202134594
2024-03-25,0.02641531820390676,0.011408997394895985,-0.01422864739580156,-0.04208269716711872,0.026000675629208415,0.04413290245638098,-0.036664781881854916,-0.01022725454310667
2024-04-01,0.0030759115284266993,-0.008507195502844763,-0.06884664179854673,-0.0460157041972779,0.005727551520544371,-0.008239267936189369,-0.03195746825990907,-0.0637198662048747
2024-04-08,0.010513616564689503,-0.05399383204718148,0.016467038684068545,-0.1303361549773829,-0.06178477242290946,-0.004070856339125373,0.002643704213976658,0.028843275286205904
2024-04-15,-0.004768546067347745,0.018039700754262967,0.041388618047639866,0.005507760072117908,0.028574642713890874,-0.016015978051522325,-0.011966783695716512,0.014536640324586458
2024-04-22,0.05793309340634426,0.0008367743419905913,-0.01540138230429719,0.017586068835644383,0.03668863257679081,-0.01661578223694089,0.021417834834139986,0.0059701930286869265
2024-04-29,0.01832218274193493,0.019869123236700686,0.04335735465250155,0.015109999152448103,0.0068201973699512815,0.016896531321945994,0.004287565910284861,0.018991031536002078
2024-05-06,0.06398469060707783,0.013188968469573365,0.030286212648583857,0.03730578318384939,-0.014828243328957633,0.014242130803662788,0.0315521972291296,0.013395461117729079
2024-05-13,-0.05310666182843238,0.025525133423641405,-0.019922819574466056,-0.06053810553802514,-0.021386015507081985,-0.04428918370599138,-0.049599024104264235,0.005747052010820733
2024-05-20,0.011693444719428984,-0.034940484610931036,0.009566062094365233,0.05479711598717836,-0.023845078838174313,0.033856498569149976,0.006025687203281675,0.041142849387357815
2024-05-27,0.007189954136108926,0.021005470322483736,-0.013226103274910255,-0.002624674647413479,0.044547726767765576,-0.038461554861648393,0.002795418324066623,-0.006586028581257169
2024-06-03,0.0003965992425481309,0.04416657009555396,-0.030857725814511027,0.018965554388550715,-0.003472593540869434,-0.03228380487804881,-0.010470553297925558,-0.025414482621249228
2024-06-10,0.014767066109671658,0.016291189836549407,0.013004467523009175,-0.02573688986370442,0.029511041500358572,0.015122362614587485,0.022055841379626767,0.04308392032016287
2024-06-17,-0.0019532864728321387,-0.006291936071617005,0.03036168073545695,0.03545193508738697,0.022054146159782632,0.03936439979479232,-0.01741173781512614,0.03858695490280889
2024-06-24,-0.00851357259000752,0.04611250799116209,0.012508621125435262,0.01914345150286623,0.03492884864165589,-0.015201528443323616,0.0021893267052730337,-0.01779171490085054
2024-07-01,0.026845647453612422,-0.029964090298417748,0.006277662201459708,0.049711716317593226,-0.027549975000000018,-0.0008821204670868129,0.02321142198829669,0.0021310326602060154
2024-07-08,-0.0011534313614625683,-0.03624738933958475,0.02361665342425444,0.029962529671867997,-0.05840917120651,0.024719723440974308,0.032092319452484544,0.03173725063945306
